{
  "createdAt": "2026-01-09T13:42:47.445241+00:00",
  "python": "3.10.19 (main, Oct  9 2025, 15:25:03) [Clang 17.0.0 (clang-1700.0.13.3)]",
  "sampleCount": 450,
  "timbre": {
    "a": [
      0.1534067455971865,
      2.083613462086142,
      2.5222272489677104,
      2.8137619949040076,
      2.0610541360107915,
      2.48738752582759,
      2.2327504736955435,
      2.2434035843846645,
      1.7613436759805658,
      1.9706568312877477,
      2.1461029207935063,
      1.7100018895323543
    ],
    "b": [
      21.84248591191785,
      6.195278277088456,
      -45.85314029327865,
      2.2086936018633496,
      24.88370840306298,
      -13.748891597635396,
      -11.390949448294535,
      8.543080077229405,
      -11.274724554748122,
      5.985700430992871,
      -11.577426197464668,
      2.651836029396618
    ]
  },
  "loudness": {
    "a": 0.7514319202279982,
    "b": -6.702612550385053
  },
  "confidence": {
    "source": [
      0.0,
      0.050283636921984114,
      0.07367608649212037,
      0.08792574003079669,
      0.09878905044110184,
      0.1083063720299803,
      0.11676343403617048,
      0.12450923663936533,
      0.131691409520106,
      0.13870743482408657,
      0.1456674281446284,
      0.15256658815514704,
      0.15935755321021064,
      0.1660845608648839,
      0.17257158949820478,
      0.1793485036172074,
      0.18595820541844454,
      0.19234711325364723,
      0.19887399684807205,
      0.20538104430659768,
      0.21228685850927156,
      0.21882898808814075,
      0.22545640451657986,
      0.23196567217113323,
      0.23859490282861096,
      0.24508510033164427,
      0.25169570220817833,
      0.258458066858153,
      0.26486093463945076,
      0.2715795454893601,
      0.277891294770625,
      0.28409696183917565,
      0.29052272496255993,
      0.29676260940284255,
      0.3028533355187111,
      0.3089111665544767,
      0.31491806248797555,
      0.320788259453772,
      0.3267001307664616,
      0.33240663294655576,
      0.3380757010380879,
      0.34359870779225515,
      0.3488852341968739,
      0.354290400467301,
      0.35962056545728405,
      0.36493251432614393,
      0.3700415007095266,
      0.37530915685808525,
      0.38049873266749457,
      0.3854543518541941,
      0.3904297866473833,
      0.3953938239188319,
      0.40037768484849373,
      0.40516245976692955,
      0.40998313245389073,
      0.4148584003305037,
      0.41969423942359885,
      0.4245891382523099,
      0.4293191392165629,
      0.4340466859433647,
      0.43879386737256854,
      0.4435370342308908,
      0.4483669042759336,
      0.4530787706549597,
      0.4579857394919528,
      0.4625943932716805,
      0.46730501422108234,
      0.47211198274660643,
      0.477063922595511,
      0.4820368863766499,
      0.48699592286297955,
      0.4919670674998978,
      0.49691627205633,
      0.5020553180564669,
      0.507148846969676,
      0.5123929189656007,
      0.5177719608894629,
      0.5232270530562053,
      0.5288359240275727,
      0.5345060584442257,
      0.5401876215352537,
      0.5461780842666744,
      0.5523134818030602,
      0.5586968227130491,
      0.5650687701578763,
      0.5719594367429918,
      0.5792265540286677,
      0.5866959847799837,
      0.5944828998161507,
      0.6029100770075408,
      0.6119869769706741,
      0.6216159412649644,
      0.6318561149978142,
      0.643087460745495,
      0.6554066300264204,
      0.6691237511476998,
      0.6853723418338032,
      0.7053947561888869,
      0.7320805068772818,
      0.7725169150635209,
      1.0
    ],
    "target": [
      0.0,
      0.021,
      0.039,
      0.055,
      0.071,
      0.086,
      0.1,
      0.114,
      0.128,
      0.142,
      0.155,
      0.169,
      0.182,
      0.195,
      0.208,
      0.22,
      0.232,
      0.245,
      0.257,
      0.268,
      0.28,
      0.292,
      0.304,
      0.315,
      0.327,
      0.339,
      0.351,
      0.362,
      0.374,
      0.385,
      0.396,
      0.408,
      0.419,
      0.43,
      0.442,
      0.453,
      0.465,
      0.476,
      0.487,
      0.498,
      0.51,
      0.52,
      0.531,
      0.542,
      0.553,
      0.564,
      0.575,
      0.585,
      0.596,
      0.607,
      0.617,
      0.628,
      0.639,
      0.65,
      0.66,
      0.671,
      0.682,
      0.692,
      0.703,
      0.713,
      0.723,
      0.734,
      0.744,
      0.754,
      0.764,
      0.774,
      0.785,
      0.795,
      0.805,
      0.815,
      0.825,
      0.836,
      0.847,
      0.857,
      0.868,
      0.878,
      0.889,
      0.9,
      0.911,
      0.922,
      0.934,
      0.946,
      0.957,
      0.969,
      0.982,
      0.994,
      1.0,
      1.0,
      1.0,
      1.0,
      1.0,
      1.0,
      1.0,
      1.0,
      1.0,
      1.0,
      1.0,
      1.0,
      1.0,
      1.0,
      1.0
    ]
  },
  "pitch": {
    "power": 1.0
  },
  "config": {
    "segmentation": {
      "min_segment_duration": 0.109525,
      "novelty_smoothing": 8,
      "peak_threshold": 0.3,
      "peak_prominence": 0.2,
      "max_segments_per_second": 5.786339340241052,
      "beat_snap_tolerance": 0.12
    },
    "features": {
      "sample_rate": 44100,
      "frame_size": 2048,
      "hop_size": 512
    },
    "tatums_per_beat": 2,
    "time_signature": 4
  }
}